mjd,mag,emag,flt,class,ra,dec
57633.099610000005,7.622999999999999,0.051,W1,III,66.205187,26.717883
57633.099610000005,7.216,0.043,W2,III,66.205187,26.717883
