mjd,mag,emag,flt,class,ra,dec
57281.9114,14.151,0.09,W1,D,83.744474,-5.942294
57646.470010000005,14.322000000000001,0.08,W1,D,83.744284,-5.94231
58534.73542999999,14.372,0.083,W1,D,83.74424,-5.942133999999999
57281.9114,13.709000000000001,0.13,W2,D,83.744474,-5.942294
57646.470010000005,13.748,0.134,W2,D,83.744284,-5.94231
58534.73542999999,13.913,0.13699999999999998,W2,D,83.74424,-5.942133999999999
