mjd,mag,emag,flt,class,ra,dec
59107.94654,13.710999999999999,0.08199999999999999,W1,P,83.569148,-5.793399
