mjd,mag,emag,flt,class,ra,dec
58740.7759,13.640999999999998,0.364,W1,FP,83.438696,-5.690043
57087.167129999994,13.186,0.22399999999999998,W2,FP,83.438571,-5.690131
58012.8614,13.267000000000001,0.32299999999999995,W2,FP,83.438735,-5.690126
58741.626260000005,13.704,0.382,W2,FP,83.438613,-5.690066000000001
