mjd,mag,emag,flt,class,ra,dec
57281.4521,11.112,0.027999999999999997,W1,D,83.76809399999999,-5.641916999999999
57446.58557,11.177999999999999,0.025,W1,D,83.768111,-5.641973
57281.4521,10.737,0.035,W2,D,83.76809399999999,-5.641916999999999
57446.91321,10.905999999999999,0.032,W2,D,83.768084,-5.641936
