mjd,mag,emag,flt,class
57446.847760000004,12.909,0.062,W1,D
58534.47388,12.71,0.040999999999999995,W1,D
57446.847760000004,12.515,0.099,W2,D
58534.47388,12.395999999999999,0.063,W2,D
