mjd,mag,emag,flt,class
57087.88951,13.372,0.115,W1,D
57645.88031,13.595,0.14300000000000002,W1,D
58012.99231,13.502,0.11699999999999999,W1,D
58742.149489999996,13.370999999999999,0.10300000000000001,W1,D
