mjd,mag,emag,flt,class,ra,dec
56728.884020000005,12.407,0.132,W1,D,83.855253,-5.4868
56919.81363,12.418,0.13699999999999998,W1,D,83.854974,-5.486574
57446.782179999995,12.517999999999999,0.314,W1,D,83.85526999999999,-5.486619999999999
57645.48722,12.38,0.096,W1,D,83.854763,-5.486638
57811.02826,12.734000000000002,0.13699999999999998,W1,D,83.855187,-5.486391
58535.06269,12.125,0.10300000000000001,W1,D,83.855678,-5.486527
59108.60042,12.469000000000001,0.044000000000000004,W1,D,83.854989,-5.4864809999999995
