mjd,mag,emag,flt,class
57282.17359,10.969000000000001,0.040999999999999995,W1,D
58377.60731,10.847000000000001,0.021,W1,D
57281.91127999999,11.429,0.045,W2,D
58377.60731,11.172,0.042,W2,D
