mjd,mag,emag,flt,class
58741.626260000005,14.285,0.139,W1,D
58741.626260000005,13.630999999999998,0.18899999999999997,W2,D
