mjd,mag,emag,flt,class
57811.68316,12.099,0.062,W1,D
58742.149489999996,12.255,0.055,W1,D
59108.9273,12.052,0.049,W1,D
57811.68316,13.769,0.32899999999999996,W2,D
