mjd,mag,emag,flt,class
57087.101420000006,10.062999999999999,0.046,W1,D
58377.41096,10.532,0.057999999999999996,W1,D
58535.58618,11.414000000000001,0.131,W1,D
58741.16835,12.402999999999999,0.337,W1,D
57087.101420000006,9.795,0.077,W2,D
58377.41096,10.087,0.23399999999999999,W2,D
58535.58618,10.12,0.237,W2,D
58741.16835,9.99,0.23600000000000002,W2,D
