mjd,mag,emag,flt,class
57446.91321,10.995,0.405,W1,D
57446.91321,10.237,0.49,W2,D
58741.626260000005,10.16,0.324,W2,D
