mjd,mag,emag,flt,class
57810.897229999995,8.346,0.049,W1,D
58741.626260000005,8.729,0.052000000000000005,W1,D
57810.897229999995,7.792000000000001,0.046,W2,D
58741.626260000005,7.683,0.047,W2,D
