mjd,mag,emag,flt,class,ra,dec
56919.682089999995,11.507,0.038,W1,D,83.58967,-5.422725
57446.65115,11.405,0.038,W1,D,83.589848,-5.422747
56919.682089999995,11.545,0.076,W2,D,83.58967,-5.422725
57446.65115,11.540999999999999,0.07200000000000001,W2,D,83.589848,-5.422747
