mjd,mag,emag,flt,class,ra,dec
56919.61625,7.805,0.067,W1,D,83.86754499999999,-5.416266
57646.14237,7.582999999999999,0.059000000000000004,W1,D,83.867571,-5.416278
58013.7124,7.7,0.049,W1,D,83.86747700000001,-5.416175
58740.90655,7.757000000000001,0.046,W1,D,83.867613,-5.416279
56919.61625,7.1370000000000005,0.049,W2,D,83.86754499999999,-5.416266
57646.14237,7.102,0.049,W2,D,83.867571,-5.416278
58013.7124,7.257000000000001,0.047,W2,D,83.86747700000001,-5.416175
58740.90655,7.147,0.045,W2,D,83.867613,-5.416279
