mjd,mag,emag,flt,class,ra,dec
57087.364120000006,6.527,0.13,W1,D,83.804734,-5.415417
58535.32437,1.729,0.327,W1,D,83.80498100000001,-5.41529
58748.1024,7.385,0.08800000000000001,W1,D,83.80505600000001,-5.415062
59109.05807000001,6.977,0.126,W1,D,83.804428,-5.415557
57087.364120000006,4.709,0.251,W2,D,83.804734,-5.415417
58535.32437,4.456,0.28300000000000003,W2,D,83.80498100000001,-5.41529
58741.364579999994,4.524,0.284,W2,D,83.805196,-5.4154
59109.05807000001,6.731,0.062,W2,D,83.804428,-5.415557
