mjd,mag,emag,flt,class,ra,dec
57646.60091,1.8969999999999998,0.32899999999999996,W1,D,83.85555699999999,-5.402769999999999
57646.60091,4.213,0.263,W2,D,83.85555699999999,-5.402769999999999
