mjd,mag,emag,flt,class,ra,dec
56915.73576,13.125,0.147,W1,D,83.722023,-5.399879
57446.454410000006,12.860999999999999,0.11599999999999999,W1,D,83.722015,-5.4002930000000005
56915.73576,12.552,0.11699999999999999,W2,D,83.722023,-5.399879
