mjd,mag,emag,flt,class,ra,dec
57087.626939999995,4.648,0.48200000000000004,W1,D,83.821327,-5.392104
