mjd,mag,emag,flt,class,ra,dec
56920.20812,5.016,0.25,W1,D,83.79285,-5.3898660000000005
57446.51999,5.4239999999999995,0.24600000000000002,W1,D,83.79276800000001,-5.389036
57810.76632,4.232,0.34,W1,D,83.792727,-5.3895800000000005
58377.14915,4.571000000000001,0.306,W1,D,83.79253299999999,-5.389112
56920.20812,4.058,0.221,W2,D,83.79285,-5.3898660000000005
57446.51999,4.3389999999999995,0.24100000000000002,W2,D,83.79276800000001,-5.389036
57810.76632,4.112,0.23,W2,D,83.792727,-5.3895800000000005
58377.14915,3.915,0.225,W2,D,83.79253299999999,-5.389112
