mjd,mag,emag,flt,class,ra,dec
58168.09057000001,-0.951,0.22399999999999998,W2,D,83.814724,-5.382479
