mjd,mag,emag,flt,class,ra,dec
56729.14736,1.8519999999999999,0.327,W1,D,83.85072,-5.375209
58899.81552999999,5.337999999999999,0.21899999999999997,W1,D,83.851235,-5.376043
59109.05807000001,5.143,0.243,W1,D,83.850934,-5.375334
56729.14736,4.282,0.24600000000000002,W2,D,83.85072,-5.375209
58899.81552999999,6.966,0.068,W2,D,83.851235,-5.376043
59109.05807000001,4.396,0.24100000000000002,W2,D,83.850934,-5.375334
