mjd,mag,emag,flt,class
56728.884020000005,10.784,0.03,W1,D
56919.484710000004,10.78,0.026000000000000002,W1,D
57646.46989,10.95,0.039,W1,D
57810.89735,11.015999999999998,0.044000000000000004,W1,D
58012.99231,10.673,0.026000000000000002,W1,D
58741.364579999994,11.123,0.033,W1,D
58899.030620000005,10.884,0.028999999999999998,W1,D
