mjd,mag,emag,flt,class,ra,dec
57646.01134,8.067,0.051,W1,D,83.855588,-5.364552
58013.7124,7.7410000000000005,0.055,W1,D,83.855311,-5.364426
58377.083829999996,8.094,0.05,W1,D,83.85650799999999,-5.364207
57646.01134,5.002,0.22,W2,D,83.855588,-5.364552
58013.7124,7.49,0.092,W2,D,83.855311,-5.364426
58377.083829999996,5.182,0.19899999999999998,W2,D,83.85650799999999,-5.364207
