mjd,mag,emag,flt,class,ra,dec
56919.8135,11.255,0.423,W1,D,83.867357,-5.359292
57646.01134,10.297,0.15,W1,D,83.867301,-5.359115
58377.14928,10.335999999999999,0.16,W1,D,83.867226,-5.358994999999999
58740.90667999999,10.513,0.231,W1,D,83.86745400000001,-5.359594
