mjd,mag,emag,flt,class,ra,dec
58168.61419,7.08,0.282,W1,D,83.846936,-5.356986
58168.61419,5.176,0.201,W2,D,83.846936,-5.356986
