mjd,mag,emag,flt,class,ra,dec
57646.01134,8.122,0.040999999999999995,W1,D,83.849723,-5.3544279999999995
58377.083829999996,8.249,0.048,W1,D,83.849405,-5.354741000000001
57646.01134,8.068999999999999,0.09300000000000001,W2,D,83.849723,-5.3544279999999995
58377.083829999996,5.8839999999999995,0.179,W2,D,83.849405,-5.354741000000001
