mjd,mag,emag,flt,class
58012.46856,6.854,0.126,W1,P
59108.73107,7.162000000000001,0.11699999999999999,W1,P
58012.46856,4.138999999999999,0.237,W2,P
59108.73107,6.167999999999999,0.105,W2,P
