mjd,mag,emag,flt,class,ra,dec
57281.64883,7.471,0.069,W1,D,83.816823,-5.343291000000001
57654.26541,7.546,0.062,W1,D,83.816858,-5.343215
57281.64883,6.857,0.081,W2,D,83.816823,-5.343291000000001
57654.26541,6.919,0.055,W2,D,83.816858,-5.343215
