mjd,mag,emag,flt,class
57281.97686,9.352,0.032,W1,D
58012.92685,9.353,0.03,W1,D
58376.88747,9.607999999999999,0.057,W1,D
