mjd,mag,emag,flt,class
57281.71441,9.127,0.026000000000000002,W1,D
58535.193589999995,10.299000000000001,0.07400000000000001,W1,D
59108.9273,8.861,0.034,W1,D
