mjd,mag,emag,flt,class
56724.537979999994,10.532,0.075,W1,D
56919.94504,10.532333333333334,0.07384217403805685,W1,D
57281.58325,10.425999999999998,0.062,W1,D
57446.91334,10.527999999999999,0.061,W1,D
57646.076819999995,10.469,0.14998386579895817,W1,D
57811.041370000006,10.5416,0.08155415378752935,W1,D
58013.45059,10.595,0.067,W1,D
58741.168229999996,10.443,0.068,W1,D
59108.46901,10.565999999999999,0.064,W1,D
