mjd,mag,emag,flt,class
57087.692520000004,8.109,0.04,W1,D
57087.692520000004,7.3389999999999995,0.048,W2,D
