mjd,mag,emag,flt,class,ra,dec
56728.02793,10.292,0.276,W1,D,83.84778,-5.31502
58013.31956,10.157,0.27,W1,D,83.847989,-5.315068
58899.81552999999,10.347999999999999,0.267,W1,D,83.84796300000001,-5.315057
