mjd,mag,emag,flt,class
57281.4521,9.587,0.016,W1,D
57446.782179999995,9.755,0.02,W1,D
58167.632410000006,9.774,0.021,W1,D
58740.90655,10.136000000000001,0.026000000000000002,W1,D
57281.4521,11.039000000000001,0.054000000000000006,W2,D
58167.632410000006,11.110999999999999,0.073,W2,D
