mjd,mag,emag,flt,class
57282.43604,8.802999999999999,0.046,W1,D
57818.42827999999,8.672,0.036000000000000004,W1,D
58168.22097,8.87,0.038,W1,D
58377.73809,8.699,0.036000000000000004,W1,D
58741.56081,9.088,0.038,W1,D
59108.46914,9.156,0.043,W1,D
57282.43604,8.644,0.11599999999999999,W2,D
57818.42827999999,8.996,0.042,W2,D
58168.22097,8.912,0.10800000000000001,W2,D
58377.73809,9.398,0.162,W2,D
58741.56081,8.923,0.068,W2,D
59108.46914,9.03,0.021,W2,D
