mjd,mag,emag,flt,class,ra,dec
57646.404310000005,11.975,0.109,W1,D,83.97569200000001,-5.286156
57811.68316,11.965,0.109,W1,D,83.975714,-5.286185
58742.01859,12.04,0.10400000000000001,W1,D,83.97568199999999,-5.286159
58899.946429999996,12.054,0.182,W1,D,83.975712,-5.286141000000001
59108.86185,11.932,0.099,W1,D,83.975707,-5.286169
57646.404310000005,11.763,0.145,W2,D,83.97569200000001,-5.286156
57811.68316,11.880999999999998,0.18899999999999997,W2,D,83.975714,-5.286185
58899.9463,11.714,0.166,W2,D,83.97573,-5.286182
59108.86185,12.102,0.18,W2,D,83.975707,-5.286169
