mjd,mag,emag,flt,class
57645.88031,10.116,0.086,W1,D
58173.98063,10.214,0.06,W1,D
58377.73809,11.001,0.23600000000000002,W1,D
58741.647950000006,10.339333333333334,0.10708719188897751,W1,D
58899.226839999996,10.683,0.071,W1,D
59108.86185,10.466,0.08,W1,D
57645.88031,9.54,0.05,W2,D
58173.98063,9.97,0.064,W2,D
58377.73809,10.077,0.051,W2,D
58741.495313333326,10.000666666666667,0.051340908531977654,W2,D
58899.226839999996,9.911,0.034,W2,D
59108.86185,10.22,0.063,W2,D
