mjd,mag,emag,flt,class
57281.4521,10.484000000000002,0.068,W1,D
58168.22097,10.390999999999998,0.081,W1,D
58741.56081,10.495,0.084,W1,D
59108.46901,10.495999999999999,0.115,W1,D
57282.04244,10.133,0.159,W2,D
58168.22097,10.161,0.073,W2,D
58741.56081,10.214,0.171,W2,D
59108.46901,10.379000000000001,0.159,W2,D
