mjd,mag,emag,flt,class,ra,dec
58168.22097,8.924,0.091,W1,D,83.844323,-5.270436
58741.56081,8.927,0.075,W1,D,83.84434300000001,-5.270433000000001
59108.46901,9.87,0.306,W1,D,83.844367,-5.2703809999999995
58168.22097,8.874,0.23800000000000002,W2,D,83.844323,-5.270436
58741.560679999995,9.175,0.312,W2,D,83.844327,-5.270586
59108.46901,9.054,0.282,W2,D,83.844367,-5.2703809999999995
