mjd,mag,emag,flt,class
58742.01859,10.741,0.157,W1,D
58742.01859,9.852,0.187,W2,D
