mjd,mag,emag,flt,class
56919.61625,9.796,0.157,W1,D
57646.011210000004,8.646,0.051,W1,D
59108.33874,9.671,0.201,W1,D
56920.14241,8.135,0.309,W2,D
57646.011210000004,7.312,0.052000000000000005,W2,D
59108.33874,8.038,0.065,W2,D
