mjd,mag,emag,flt,class,ra,dec
57087.95535,10.706,0.021,W1,D,83.839511,-5.161697
58168.352510000004,10.892000000000001,0.062,W1,D,83.839709,-5.161762
58534.73568,11.245,0.06,W1,D,83.839607,-5.161387
59109.18885,10.493,0.017,W1,D,83.839561,-5.161395
57087.95535,10.05,0.061,W2,D,83.839511,-5.161697
58168.352510000004,9.758,0.03,W2,D,83.839709,-5.161762
58534.73568,9.926,0.048,W2,D,83.839607,-5.161387
59109.18885,9.822000000000001,0.038,W2,D,83.839561,-5.161395
