mjd,mag,emag,flt,class
56729.87115,11.138,0.02,W1,D
57283.027010000005,10.012,0.012,W1,D
56729.87115,10.360999999999999,0.022000000000000002,W2,D
57283.027010000005,9.715,0.013999999999999999,W2,D
