mjd,mag,emag,flt,class
56724.60394,13.147,0.183,W1,P
57087.49552999999,12.884,0.392,W1,P
57281.58325,12.879000000000001,0.43799999999999994,W1,P
58012.92685,13.625,0.153,W1,P
59108.6003,12.850999999999999,0.047,W1,P
56724.60394,13.064,0.14800000000000002,W2,P
57645.48722,12.537,0.23600000000000002,W2,P
