mjd,mag,emag,flt,class
56915.735629999996,12.292,0.133,W1,D
58377.0837,12.527999999999999,0.11199999999999999,W1,D
59108.9273,12.158,0.114,W1,D
56915.735629999996,11.423,0.07,W2,D
58377.0837,11.97,0.06,W2,D
59108.9273,11.815999999999999,0.057999999999999996,W2,D
