mjd,mag,emag,flt,class,ra,dec
56919.61625,13.394,0.106,W1,P,83.857529,-5.0958
57087.823939999995,13.507,0.139,W1,P,83.857499,-5.095899
57446.847760000004,13.807,0.23800000000000002,W1,P,83.857477,-5.095892
57811.29032000001,13.345999999999998,0.10400000000000001,W1,P,83.85739699999999,-5.095811
56919.61625,10.841,0.03,W2,P,83.857529,-5.0958
57087.823939999995,10.745,0.023,W2,P,83.857499,-5.095899
57446.847760000004,10.856,0.026000000000000002,W2,P,83.857477,-5.095892
57811.29032000001,10.852,0.028999999999999998,W2,P,83.85739699999999,-5.095811
