mjd,mag,emag,flt,class
56919.48459,13.609000000000002,0.23800000000000002,W1,D
57282.17359,13.56,0.231,W1,D
56919.48459,12.005999999999998,0.085,W2,D
57282.17359,12.277000000000001,0.063,W2,D
