mjd,mag,emag,flt,class
56920.14241,11.277999999999999,0.031,W2,P
57446.78231,11.339,0.033,W2,P
57646.2077,11.071,0.036000000000000004,W2,P
57811.29032000001,11.365,0.033,W2,P
58013.12316666668,11.401000000000002,0.04857754396609376,W2,P
58377.01825,11.478,0.042,W2,P
58534.604779999994,11.407,0.034,W2,P
59108.73107,11.333,0.033,W2,P
