mjd,mag,emag,flt,class
57087.95535,11.99,0.036000000000000004,W1,D
57282.30475,11.338,0.02,W1,D
57087.95535,10.892000000000001,0.026000000000000002,W2,D
57282.30475,10.73,0.025,W2,D
