mjd,mag,emag,flt,class
56728.620820000004,10.623,0.017,W1,D
58013.253979999994,10.624,0.02,W1,D
56728.620820000004,10.852,0.022000000000000002,W2,D
58013.253979999994,10.655,0.027000000000000003,W2,D
