mjd,mag,emag,flt,class,ra,dec
57812.796989999995,13.485,0.107,W2,P,85.35974499999999,-2.305494
58536.82976,13.575,0.133,W2,P,85.359962,-2.3057849999999998
58900.53499,13.437000000000001,0.166,W2,P,85.360012,-2.305974
