mjd,mag,emag,flt,class,ra,dec
57447.89715,8.685,0.044000000000000004,W1,D,85.399443,-1.93967
58379.56985,8.437999999999999,0.04,W1,D,85.399598,-1.9394900000000002
58743.06467000001,8.542,0.037000000000000005,W1,D,85.399665,-1.939629
59110.36545,8.767000000000001,0.044000000000000004,W1,D,85.399502,-1.9394939999999998
57447.89715,7.935,0.052000000000000005,W2,D,85.399443,-1.93967
58379.56985,8.276,0.059000000000000004,W2,D,85.399598,-1.9394900000000002
58743.06467000001,7.785,0.047,W2,D,85.399665,-1.939629
59110.36545,8.248,0.055,W2,D,85.399502,-1.9394939999999998
