mjd,mag,emag,flt,class
58379.56985,9.512,0.08199999999999999,W1,D
59110.36545,10.165,0.136,W1,D
58379.56985,8.113999999999999,0.052000000000000005,W2,D
59110.36545,8.431000000000001,0.053,W2,D
