mjd,mag,emag,flt,class
57812.4696,9.175,0.087,W1,D
58379.56985,9.208,0.08900000000000001,W1,D
58743.06467000001,8.904,0.07200000000000001,W1,D
59109.7769,9.394,0.107,W1,D
57812.4696,8.042,0.04,W2,D
58379.56985,8.38,0.044000000000000004,W2,D
58743.06467000001,8.523,0.09,W2,D
59110.36545,8.396,0.045,W2,D
