mjd,mag,emag,flt,class
58379.56985,8.927,0.071,W1,D
58743.06467000001,9.016,0.068,W1,D
59109.7769,9.072000000000001,0.086,W1,D
58379.56985,8.173,0.048,W2,D
58742.999220000005,8.407,0.044000000000000004,W2,D
59109.7769,8.36,0.085,W2,D
