mjd,mag,emag,flt,class
57089.46634,8.689,0.102,W1,D
58743.19557,9.779,0.29,W1,D
57088.94094,7.962000000000001,0.051,W2,D
58743.19557,7.834,0.272,W2,D
