mjd,mag,emag,flt,class
57448.88032999999,8.492,0.38,W1,D
58742.999220000005,8.469,0.183,W1,D
58536.63352999999,4.423,0.22899999999999998,W2,D
58742.999220000005,4.567,0.235,W2,D
