mjd,mag,emag,flt,class
58742.999220000005,9.434,0.02,W1,D
59110.23455,9.391,0.018000000000000002,W1,D
58742.999220000005,11.795,0.142,W2,D
59110.23455,11.142000000000001,0.08199999999999999,W2,D
