mjd,mag,emag,flt,class,ra,dec
58743.06467000001,9.306000000000001,0.033,W1,D,85.403849,-1.894254
59110.495720000006,10.029,0.1,W1,D,85.403795,-1.8943599999999998
58743.06467000001,8.855,0.055,W2,D,85.403849,-1.894254
59110.495720000006,8.976,0.07200000000000001,W2,D,85.403795,-1.8943599999999998
