mjd,mag,emag,flt,class
56724.73625,11.732999999999999,0.249,W1,D
59110.23455,11.72,0.27899999999999997,W1,D
