mjd,mag,emag,flt,class
56730.135879999994,10.131,0.07400000000000001,W1,D
57089.53205,9.861,0.061,W1,D
57648.30342999999,10.033999999999999,0.092,W1,D
58536.895339999995,10.032,0.069,W1,D
56730.135879999994,9.027999999999999,0.042,W2,D
57089.53205,8.811,0.048,W2,D
58536.895339999995,8.925,0.043,W2,D
