mjd,mag,emag,flt,class
57283.41922,10.052999999999999,0.025,W1,D
58743.2609,9.878,0.023,W1,D
57283.41922,9.822000000000001,0.040999999999999995,W2,D
58743.2609,9.748,0.035,W2,D
