mjd,mag,emag,flt,class
56921.65455,11.477,0.45799999999999996,W1,D
56922.31213,10.811,0.11599999999999999,W2,D
57089.46634,12.197000000000001,0.366,W2,D
57647.71385,12.475999999999999,0.529,W2,D
