mjd,mag,emag,flt,class
56731.650689999995,11.572000000000001,0.018000000000000002,W1,P
56923.16695,11.561,0.021,W1,P
58745.15772,11.696,0.022000000000000002,W1,P
56731.650689999995,10.078,0.019,W2,P
56923.16695,9.897,0.017,W2,P
58744.699810000006,10.142999999999999,0.022000000000000002,W2,P
