mjd,mag,emag,flt,class,ra,dec
56731.45319,11.883,0.066,W1,D,86.69202299999999,0.080308
56922.903739999994,12.994000000000002,0.509,W1,D,86.691962,0.080591
57090.6488,12.357999999999999,0.268,W1,D,86.692053,0.08064600000000001
58170.775129999995,13.26,0.141,W1,D,86.692036,0.08039
58380.35425,13.677999999999999,0.28300000000000003,W1,D,86.692001,0.080207
