mjd,mag,emag,flt,class
56732.177489999995,8.847999999999999,0.034,W1,D
57449.601579999995,9.347000000000001,0.028999999999999998,W1,D
56732.177489999995,8.58,0.040999999999999995,W2,D
57449.601579999995,8.992,0.044000000000000004,W2,D
