mjd,mag,emag,flt,class
58380.87761,16.214000000000002,0.35200000000000004,W1,D
58380.87761,14.31,0.187,W2,D
