mjd,mag,emag,flt,class,ra,dec
58175.552760000006,7.16,0.11699999999999999,W1,D,88.513304,1.6736360000000001
58175.552760000006,6.537000000000001,0.07,W2,D,88.513304,1.6736360000000001
