mjd,mag,emag,flt,class,ra,dec
56920.93204,14.462,0.299,W2,S,84.82126,-7.407902
57089.136920000004,14.8,0.365,W2,S,84.821276,-7.407744
57447.37176,14.583,0.42,W2,S,84.82084,-7.406714999999999
57647.25632000001,14.374,0.4,W2,S,84.821595,-7.407077
58535.782020000006,14.629000000000001,0.38299999999999995,W2,S,84.82096800000001,-7.407958
