mjd,mag,emag,flt,class,ra,dec
58736.42412999999,13.017999999999999,0.047,W1,E,277.169822,-2.826766
