mjd,mag,emag,flt,class
57474.01565,10.868,0.019,W1,D
57840.66157999999,10.915999999999999,0.021,W1,D
57474.01565,10.112,0.017,W2,D
57840.66171,10.187999999999999,0.019,W2,D
