mjd,mag,emag,flt,class
58736.42439,13.081,0.039,W1,D
58736.42439,12.327,0.09300000000000001,W2,D
