mjd,mag,emag,flt,class
56748.19369125,14.014125,0.15729391278749477,W1,P
56928.39506,13.79,0.094,W1,P
58734.847252222215,13.276555555555555,0.06591773773536337,W1,P
58936.9325525,14.019249999999998,0.3298168999611752,W1,P
56748.07845125001,10.231875,0.0829362518745574,W2,P
56928.39506,10.815999999999999,0.024,W2,P
58734.86184,10.086,0.05254498366772975,W2,P
58936.834440000006,10.79675,0.31840020021978643,W2,P
