mjd,mag,emag,flt,class
57110.70964,13.804,0.059000000000000004,W1,P
57290.46992999999,14.046,0.083,W1,P
57649.18716,14.044,0.075,W1,P
58369.72077000001,14.123,0.087,W1,P
58737.27475,14.152000000000001,0.081,W1,P
57110.70964,11.618,0.033,W2,P
57290.46992999999,11.705,0.039,W2,P
57649.18716,12.026,0.047,W2,P
58370.30971,11.950999999999999,0.042,W2,P
58737.73265,11.855,0.039,W2,P
