mjd,mag,emag,flt,class,ra,dec
58574.089270000004,11.796,0.059000000000000004,W1,E,279.223236,-0.030139
58574.35095,11.725,0.11699999999999999,W2,E,279.22268399999996,-0.030351999999999997
