mjd,mag,emag,flt,class,ra,dec
58010.79827000001,6.336,0.14300000000000002,W1,E,279.448668,0.404487
58010.79827000001,6.115,0.11,W2,E,279.448668,0.404487
