mjd,mag,emag,flt,class
57222.984860000004,13.647,0.043,W1,D
57753.63127333333,13.481,0.04420030165809618,W1,D
58116.98862999999,13.48,0.048,W1,D
58680.83724,13.407,0.036000000000000004,W1,D
57222.984860000004,13.075999999999999,0.10099999999999999,W2,D
57755.50883666667,12.348333333333334,0.05068201521907602,W2,D
58116.98862999999,12.377,0.046,W2,D
58680.83724,12.61,0.068,W2,D
