mjd,mag,emag,flt,class
57441.390929999994,13.902999999999999,0.051,W1,D
57615.43388,14.322000000000001,0.091,W1,D
58335.28582999999,13.943,0.051,W1,D
58905.03155,13.981,0.053,W1,D
57441.390929999994,11.607999999999999,0.033,W2,D
57615.43388,12.113,0.075,W2,D
58335.28582999999,11.731,0.051,W2,D
58905.03155,11.706,0.037000000000000005,W2,D
