mjd,mag,emag,flt,class,ra,dec
56641.15285,15.912,0.345,W1,P,326.178988,47.778419
58650.35755,16.01,0.284,W1,P,326.178202,47.77855
58812.967039999996,15.883,0.264,W1,P,326.178292,47.778089
59176.6466,15.544,0.24600000000000002,W1,P,326.178133,47.778519
56641.15285,13.345999999999998,0.10400000000000001,W2,P,326.178988,47.778419
58650.35755,13.368,0.139,W2,P,326.178202,47.77855
58812.967039999996,13.315999999999999,0.09,W2,P,326.178292,47.778089
59176.6466,13.092,0.102,W2,P,326.178133,47.778519
