mjd,mag,emag,flt,class
58285.52247999999,12.38,0.039,W1,P
58285.52247999999,9.957,0.027000000000000003,W2,P
