mjd,mag,emag,flt,class,ra,dec
57191.56211,11.072000000000001,0.024,W1,D,328.285746,47.213854
58651.404520000004,11.232000000000001,0.031,W1,D,328.28571400000004,47.213834000000006
58813.882470000004,11.225,0.031,W1,D,328.285635,47.213716
57191.56211,10.522,0.027999999999999997,W2,D,328.285746,47.213854
58651.404520000004,10.605,0.023,W2,D,328.28571400000004,47.213834000000006
58813.882470000004,10.852,0.047,W2,D,328.285635,47.213716
