mjd,mag,emag,flt,class
56827.24197,9.917,0.017,W1,D
57192.34944,9.914,0.017,W1,D
58813.8826,10.052,0.019,W1,D
59018.99656,9.929,0.017,W1,D
56827.24197,9.185,0.015,W2,D
57192.34944,9.156,0.013999999999999999,W2,D
58813.8826,9.15,0.013999999999999999,W2,D
59018.99656,9.187999999999999,0.016,W2,D
