mjd,mag,emag,flt,class
58813.55547000001,13.97,0.401,W1,P
58813.55547000001,12.68,0.129,W2,P
