mjd,mag,emag,flt,class
56708.64087,7.527,0.061,W1,D
56890.50246,7.372999999999999,0.083,W1,D
57804.38909,7.672999999999999,0.049,W1,D
56708.24575,6.781000000000001,0.057,W2,D
56890.50246,6.832999999999999,0.053,W2,D
57804.38909,7.029,0.048,W2,D
