mjd,mag,emag,flt,class,ra,dec
57444.267120000004,9.464,0.07200000000000001,W1,D,242.178042,-39.104278
57444.267120000004,8.908,0.067,W2,D,242.178042,-39.104278
