mjd,mag,emag,flt,class
57080.37556,13.585,0.253,W1,F
57080.37556,10.717,0.052000000000000005,W2,F
