mjd,mag,emag,flt,class,ra,dec
56901.096979999995,9.421,0.022000000000000002,W1,D,252.073437,-14.185787
56901.096979999995,8.612,0.04,W2,D,252.073437,-14.185787
