mjd,mag,emag,flt,class
58206.01825,11.491,0.023,W1,D
58206.01825,10.8,0.032,W2,D
